sample_id,domain,leakage_group,leakage_reasons,split,validation_status
q2,Kubernetes,group_001,sample_id_only,train,ok
q3,Kubernetes,group_002,sample_id_only,train,ok
q4,Kubernetes,group_003,sample_id_only,train,ok
q5,Kubernetes,group_004,sample_id_only,train,ok
q6,Kubernetes,group_005,sample_id_only,train,ok
q7,Kubernetes,group_006,sample_id_only,train,ok
q8,Kubernetes,group_007,sample_id_only,train,ok
q9,Kubernetes,group_008,sample_id_only,train,ok
q10,Kubernetes,group_009,sample_id_only,train,ok
q11,Kubernetes,group_010,sample_id_only,train,ok
q12,Kubernetes,group_011,exact_yaml_duplicate,test,ok
q13,Kubernetes,group_012,exact_yaml_duplicate,validation,ok
q14,Kubernetes,group_013,sample_id_only,train,ok
q15,Kubernetes,group_011,exact_yaml_duplicate,test,ok
q16,Kubernetes,group_014,exact_yaml_duplicate,test,ok
q17,Kubernetes,group_015,exact_yaml_duplicate,validation,ok
q18,Kubernetes,group_016,exact_yaml_duplicate,test,ok
q19,Kubernetes,group_017,exact_yaml_duplicate,validation,ok
q20,Kubernetes,group_018,exact_yaml_duplicate,test,ok
q21,Kubernetes,group_019,exact_yaml_duplicate,validation,ok
q22,Kubernetes,group_020,exact_yaml_duplicate,validation,ok
q23,Kubernetes,group_014,exact_yaml_duplicate,test,ok
q24,Kubernetes,group_012,exact_yaml_duplicate,validation,ok
q25,Kubernetes,group_021,sample_id_only,train,ok
q26,Kubernetes,group_022,sample_id_only,train,ok
q27,Kubernetes,group_023,exact_yaml_duplicate,validation,ok
q28,Kubernetes,group_023,exact_yaml_duplicate,validation,ok
q29,Kubernetes,group_024,exact_yaml_duplicate,validation,ok
q30,Kubernetes,group_024,exact_yaml_duplicate,validation,ok
q31,Kubernetes,group_025,exact_yaml_duplicate,validation,ok
q32,Kubernetes,group_025,exact_yaml_duplicate,validation,ok
q33,Kubernetes,group_026,exact_yaml_duplicate,validation,ok
q34,Kubernetes,group_015,exact_yaml_duplicate,validation,ok
q35,Kubernetes,group_026,exact_yaml_duplicate,validation,ok
q36,Kubernetes,group_027,exact_yaml_duplicate,validation,ok
q37,Kubernetes,group_027,exact_yaml_duplicate,validation,ok
q38,Kubernetes,group_028,exact_yaml_duplicate,validation,ok
q39,Kubernetes,group_028,exact_yaml_duplicate,validation,ok
q40,Kubernetes,group_029,exact_yaml_duplicate,test,ok
q41,Kubernetes,group_030,exact_yaml_duplicate,validation,ok
q42,Kubernetes,group_031,exact_yaml_duplicate,validation,ok
q43,Kubernetes,group_032,exact_yaml_duplicate,validation,ok
q44,Kubernetes,group_033,exact_yaml_duplicate,validation,ok
q45,Kubernetes,group_016,exact_yaml_duplicate,test,ok
q46,Kubernetes,group_029,exact_yaml_duplicate,test,ok
q47,Kubernetes,group_030,exact_yaml_duplicate,validation,ok
q48,Kubernetes,group_031,exact_yaml_duplicate,validation,ok
q49,Kubernetes,group_032,exact_yaml_duplicate,validation,ok
q50,Kubernetes,group_033,exact_yaml_duplicate,validation,ok
q51,Kubernetes,group_034,sample_id_only,train,ok
q52,Kubernetes,group_035,sample_id_only,train,ok
q53,Kubernetes,group_036,sample_id_only,train,ok
q54,Kubernetes,group_017,exact_yaml_duplicate,validation,ok
q55,Kubernetes,group_037,sample_id_only,train,ok
q56,Kubernetes,group_038,sample_id_only,train,ok
q57,Kubernetes,group_039,sample_id_only,train,ok
q58,Kubernetes,group_040,sample_id_only,train,ok
q59,Kubernetes,group_041,sample_id_only,train,ok
q60,Kubernetes,group_042,sample_id_only,train,ok
q61,Kubernetes,group_043,sample_id_only,test,ok
q62,Kubernetes,group_044,sample_id_only,train,ok
q63,Kubernetes,group_018,exact_yaml_duplicate,test,ok
q64,Kubernetes,group_019,exact_yaml_duplicate,validation,ok
q65,Kubernetes,group_020,exact_yaml_duplicate,validation,ok
q66,Kubernetes,group_012,exact_yaml_duplicate,validation,ok
q67,Kubernetes,group_045,sample_id_only,train,ok
q68,Kubernetes,group_046,sample_id_only,test,ok
q69,Kubernetes,group_047,sample_id_only,train,ok
q70,Kubernetes,group_048,sample_id_only,train,ok
q71,Kubernetes,group_049,sample_id_only,test,ok
q72,Kubernetes,group_050,sample_id_only,test,ok
q73,Kubernetes,group_051,sample_id_only,test,ok
q74,Kubernetes,group_052,sample_id_only,train,ok
q75,Kubernetes,group_053,sample_id_only,train,ok
q76,Kubernetes,group_054,sample_id_only,train,ok
q77,Kubernetes,group_055,sample_id_only,train,ok
q78,Kubernetes,group_056,sample_id_only,test,ok
q79,Kubernetes,group_057,sample_id_only,train,ok
q80,Kubernetes,group_058,sample_id_only,train,ok
q81,Kubernetes,group_059,sample_id_only,test,ok
q82,Kubernetes,group_060,sample_id_only,train,ok
q83,Kubernetes,group_061,sample_id_only,test,ok
q84,Kubernetes,group_062,sample_id_only,train,ok
q85,Kubernetes,group_063,sample_id_only,train,ok
q86,Kubernetes,group_064,sample_id_only,train,ok
q87,Kubernetes,group_065,sample_id_only,train,ok
q88,Kubernetes,group_066,sample_id_only,train,ok
q89,Kubernetes,group_067,sample_id_only,test,ok
q90,Kubernetes,group_068,sample_id_only,train,ok
q91,Kubernetes,group_069,sample_id_only,train,ok
q92,Kubernetes,group_070,sample_id_only,train,ok
q93,Kubernetes,group_071,sample_id_only,train,ok
q94,Kubernetes,group_072,sample_id_only,train,ok
q95,Kubernetes,group_073,sample_id_only,train,ok
q96,Kubernetes,group_074,sample_id_only,train,ok
q97,Kubernetes,group_075,sample_id_only,train,ok
q98,Kubernetes,group_076,sample_id_only,train,ok
q99,Kubernetes,group_077,sample_id_only,train,ok
q100,Kubernetes,group_078,sample_id_only,train,ok
q101,Kubernetes,group_079,sample_id_only,train,ok
q102,Kubernetes,group_080,sample_id_only,train,ok
q103,Kubernetes,group_081,sample_id_only,test,ok
q104,Kubernetes,group_082,sample_id_only,train,ok
q105,Kubernetes,group_083,sample_id_only,train,ok
q106,Kubernetes,group_084,sample_id_only,train,ok
q107,Kubernetes,group_085,sample_id_only,train,ok
q108,Kubernetes,group_086,sample_id_only,train,ok
q109,Kubernetes,group_087,sample_id_only,train,ok
q110,Kubernetes,group_088,sample_id_only,train,ok
q111,Kubernetes,group_089,sample_id_only,train,ok
q112,Kubernetes,group_090,sample_id_only,train,ok
q113,Kubernetes,group_091,sample_id_only,train,ok
q114,Kubernetes,group_092,sample_id_only,train,ok
q115,Kubernetes,group_093,sample_id_only,train,ok
q116,Kubernetes,group_094,sample_id_only,train,ok
q117,Kubernetes,group_095,sample_id_only,train,ok
q118,Kubernetes,group_096,sample_id_only,train,ok
q119,Kubernetes,group_097,sample_id_only,train,ok
q120,Kubernetes,group_098,sample_id_only,train,ok
q121,Kubernetes,group_099,sample_id_only,train,ok
q122,Kubernetes,group_100,exact_yaml_duplicate,test,ok
q123,Kubernetes,group_100,exact_yaml_duplicate,test,ok
q124,Kubernetes,group_101,sample_id_only,train,ok
q125,Kubernetes,group_102,sample_id_only,train,ok
q126,Kubernetes,group_103,exact_yaml_duplicate,validation,ok
q127,Kubernetes,group_104,sample_id_only,train,ok
q128,Kubernetes,group_105,sample_id_only,train,ok
q129,Kubernetes,group_106,sample_id_only,train,ok
q130,Kubernetes,group_107,sample_id_only,train,ok
q131,Kubernetes,group_108,sample_id_only,train,ok
q132,Kubernetes,group_109,sample_id_only,test,ok
q133,Kubernetes,group_110,sample_id_only,train,ok
q134,Kubernetes,group_111,sample_id_only,train,ok
q135,Kubernetes,group_112,sample_id_only,train,ok
q136,Kubernetes,group_113,sample_id_only,train,ok
q137,Kubernetes,group_114,sample_id_only,train,ok
q138,Kubernetes,group_115,sample_id_only,train,ok
q139,Kubernetes,group_116,exact_yaml_duplicate,validation,ok
q140,Kubernetes,group_103,exact_yaml_duplicate,validation,ok
q141,Kubernetes,group_117,sample_id_only,train,ok
q142,Kubernetes,group_116,exact_yaml_duplicate,validation,ok
q143,Kubernetes,group_118,sample_id_only,train,ok
q144,Kubernetes,group_119,sample_id_only,train,ok
q145,Kubernetes,group_120,sample_id_only,train,ok
q146,Kubernetes,group_121,sample_id_only,train,ok
q147,Kubernetes,group_122,sample_id_only,train,ok
q148,Kubernetes,group_123,sample_id_only,train,ok
q149,Kubernetes,group_124,sample_id_only,train,ok
q150,Kubernetes,group_125,sample_id_only,train,ok
q151,Kubernetes,group_126,sample_id_only,train,ok
q152,Kubernetes,group_127,sample_id_only,train,ok
q153,Kubernetes,group_128,sample_id_only,train,ok
q154,Kubernetes,group_129,sample_id_only,train,ok
q155,Kubernetes,group_130,sample_id_only,train,ok
q156,Kubernetes,group_131,sample_id_only,train,ok
q157,Kubernetes,group_132,sample_id_only,train,ok
q158,Kubernetes,group_133,sample_id_only,train,ok
q159,Kubernetes,group_134,sample_id_only,train,ok
q160,Kubernetes,group_135,sample_id_only,train,ok
q161,Kubernetes,group_136,sample_id_only,train,ok
q162,Kubernetes,group_137,sample_id_only,train,ok
q163,Kubernetes,group_138,sample_id_only,train,ok
q164,Kubernetes,group_139,sample_id_only,train,ok
q165,Kubernetes,group_140,sample_id_only,train,ok
q166,Kubernetes,group_141,sample_id_only,train,ok
q167,Kubernetes,group_142,sample_id_only,train,ok
q168,Kubernetes,group_143,sample_id_only,train,ok
q169,Kubernetes,group_144,sample_id_only,train,ok
q170,Kubernetes,group_145,sample_id_only,train,ok
q171,Kubernetes,group_146,sample_id_only,train,ok
q172,Kubernetes,group_147,sample_id_only,train,ok
q173,Kubernetes,group_148,sample_id_only,train,ok
q174,Kubernetes,group_149,sample_id_only,train,ok
q175,Kubernetes,group_150,sample_id_only,train,ok
q176,Kubernetes,group_151,sample_id_only,train,ok
q177,Kubernetes,group_152,sample_id_only,train,ok
q178,Kubernetes,group_153,sample_id_only,train,ok
q179,Kubernetes,group_154,sample_id_only,train,ok
q180,Kubernetes,group_155,sample_id_only,test,ok
q181,Kubernetes,group_156,sample_id_only,train,ok
q182,Kubernetes,group_157,sample_id_only,train,ok
q183,Kubernetes,group_158,sample_id_only,train,ok
q184,Kubernetes,group_159,sample_id_only,train,ok
q185,Kubernetes,group_160,sample_id_only,train,ok
q186,Kubernetes,group_161,sample_id_only,train,ok
q187,Kubernetes,group_162,sample_id_only,train,ok
q188,Kubernetes,group_163,sample_id_only,train,ok
q189,Kubernetes,group_164,sample_id_only,train,ok
q190,Kubernetes,group_165,sample_id_only,train,ok
q191,Kubernetes,group_166,sample_id_only,train,ok
q192,Kubernetes,group_167,sample_id_only,train,ok
q193,Kubernetes,group_168,sample_id_only,train,ok
q194,Kubernetes,group_169,sample_id_only,test,ok
q195,Kubernetes,group_170,sample_id_only,test,ok
q196,Kubernetes,group_171,sample_id_only,train,ok
q197,Kubernetes,group_172,sample_id_only,train,ok
q198,Kubernetes,group_173,sample_id_only,train,ok
q199,Kubernetes,group_174,sample_id_only,train,ok
q200,Kubernetes,group_175,sample_id_only,train,ok
q201,Kubernetes,group_176,sample_id_only,train,ok
q202,Kubernetes,group_177,sample_id_only,train,ok
q203,Kubernetes,group_178,sample_id_only,train,ok
q204,Kubernetes,group_179,sample_id_only,train,ok
q205,Kubernetes,group_180,sample_id_only,test,ok
q206,Kubernetes,group_181,sample_id_only,train,ok
q207,Kubernetes,group_182,sample_id_only,train,ok
q208,Kubernetes,group_183,sample_id_only,train,ok
q209,Kubernetes,group_184,sample_id_only,train,ok
q210,Kubernetes,group_185,sample_id_only,train,ok
q211,Kubernetes,group_186,sample_id_only,train,ok
q212,Kubernetes,group_187,exact_yaml_duplicate,test,ok
q213,Kubernetes,group_187,exact_yaml_duplicate,test,ok
q214,Kubernetes,group_188,sample_id_only,train,ok
q215,Kubernetes,group_189,sample_id_only,train,ok
q216,Kubernetes,group_190,sample_id_only,train,ok
q217,Kubernetes,group_191,sample_id_only,train,ok
q218,Kubernetes,group_192,sample_id_only,train,ok
q219,Kubernetes,group_193,sample_id_only,train,ok
q220,Kubernetes,group_194,sample_id_only,train,ok
q221,Kubernetes,group_195,sample_id_only,train,ok
q222,Kubernetes,group_196,sample_id_only,train,ok
q223,Kubernetes,group_197,sample_id_only,train,ok
q224,Kubernetes,group_198,exact_yaml_duplicate,test,ok
q225,Kubernetes,group_198,exact_yaml_duplicate,test,ok
q226,Kubernetes,group_199,sample_id_only,train,ok
q227,Kubernetes,group_200,sample_id_only,train,ok
q228,Kubernetes,group_201,sample_id_only,train,ok
q229,Kubernetes,group_202,sample_id_only,train,ok
q230,Kubernetes,group_203,sample_id_only,train,ok
q231,Kubernetes,group_204,sample_id_only,train,ok
q232,Kubernetes,group_205,sample_id_only,train,ok
q233,Kubernetes,group_206,sample_id_only,train,ok
q234,Kubernetes,group_207,sample_id_only,train,ok
q235,Kubernetes,group_208,sample_id_only,train,ok
q236,Kubernetes,group_209,sample_id_only,train,ok
q237,Kubernetes,group_210,sample_id_only,train,ok
q238,Kubernetes,group_211,sample_id_only,train,ok
q239,Kubernetes,group_212,sample_id_only,train,ok
q240,Kubernetes,group_213,sample_id_only,train,ok
q241,Kubernetes,group_214,sample_id_only,train,ok
q242,Kubernetes,group_215,sample_id_only,train,ok
q243,Kubernetes,group_216,sample_id_only,train,ok
q244,Kubernetes,group_217,sample_id_only,train,ok
q245,Kubernetes,group_218,sample_id_only,train,ok
q246,Kubernetes,group_219,sample_id_only,train,ok
q247,Kubernetes,group_220,sample_id_only,train,ok
q248,Kubernetes,group_221,sample_id_only,train,ok
q249,Kubernetes,group_222,sample_id_only,train,ok
q250,Kubernetes,group_223,sample_id_only,train,ok
q251,Kubernetes,group_224,sample_id_only,train,ok
q252,Kubernetes,group_225,sample_id_only,train,ok
q253,Kubernetes,group_226,sample_id_only,train,ok
q254,Kubernetes,group_227,sample_id_only,train,ok
q255,Kubernetes,group_228,sample_id_only,train,ok
q256,Kubernetes,group_229,sample_id_only,train,ok
q257,Kubernetes,group_230,sample_id_only,test,ok
q258,Kubernetes,group_231,sample_id_only,train,ok
q259,Kubernetes,group_232,sample_id_only,train,ok
q260,Kubernetes,group_233,sample_id_only,train,ok
q261,Kubernetes,group_234,sample_id_only,train,ok
q262,Kubernetes,group_235,sample_id_only,train,ok
q263,Kubernetes,group_236,sample_id_only,train,ok
q264,Kubernetes,group_237,sample_id_only,test,ok
q265,Kubernetes,group_238,sample_id_only,train,ok
q266,Kubernetes,group_239,sample_id_only,train,ok
q267,Kubernetes,group_240,sample_id_only,train,ok
q268,Kubernetes,group_241,sample_id_only,test,ok
q269,Kubernetes,group_242,sample_id_only,train,ok
q270,Kubernetes,group_243,sample_id_only,train,ok
q271,Kubernetes,group_244,sample_id_only,train,ok
q272,Kubernetes,group_245,sample_id_only,train,ok
q273,Kubernetes,group_246,sample_id_only,train,ok
q274,Kubernetes,group_247,sample_id_only,train,ok
q275,Kubernetes,group_248,sample_id_only,train,ok
q276,Kubernetes,group_249,sample_id_only,train,ok
q277,Kubernetes,group_250,sample_id_only,train,ok
q278,Kubernetes,group_251,sample_id_only,train,ok
q279,Kubernetes,group_252,sample_id_only,test,ok
q280,Kubernetes,group_253,sample_id_only,train,ok
q281,Kubernetes,group_254,sample_id_only,train,ok
q282,Kubernetes,group_255,sample_id_only,train,ok
q283,Kubernetes,group_256,sample_id_only,train,ok
q284,Kubernetes,group_257,sample_id_only,train,ok
